{"cameraMode":{"drawMode":0,"name":"Shaded","section":"Shading Mode"},"sceneLighting":false,"audioPlay":false,"sceneViewState":{"showFog":false,"showMaterialUpdate":false,"showSkybox":false,"showFlares":true,"showImageEffects":true,"showParticleSystems":true},"in2DMode":false,"pivot":{"x":-4.984699249267578,"y":0.31506872177124026,"z":0.3078736364841461},"rotation":{"x":-0.029297033324837686,"y":0.9657183289527893,"z":-0.1255773901939392,"w":-0.22530080378055573},"size":1.8721870183944703,"orthographic":false}