{"cameraMode":{"drawMode":0,"name":"Shaded","section":"Shading Mode"},"sceneLighting":true,"audioPlay":false,"sceneViewState":{"showFog":false,"showMaterialUpdate":false,"showSkybox":false,"showFlares":true,"showImageEffects":true,"showParticleSystems":true},"in2DMode":false,"pivot":{"x":0.28299665451049807,"y":0.34665608406066897,"z":-0.4433453679084778},"rotation":{"x":-0.10033901035785675,"y":-0.8631196022033691,"z":0.18939778208732606,"w":-0.4572707414627075},"size":0.9587346911430359,"orthographic":false}